Voucher code,Tags
74Q4F,"Lunch, wine, steak, international, vegeterian, family friendly"
1C4AY,"Afghan, platter, BBQ, food court, dinner, lunch, the hub"
3DGGC,"Thai, chinese, asian, sushi, japanese, korean, indian, noodle bar, teppanyaki, dinner, lunch, date night, family friendly"
SPG9E,"cocktails, parklands, limuru road, african, international"
R25B6,"cake, dessert, delivery, homemade"
AZPQT,"meat feast, steak, BBQ, african, lunch, dinner"
B02E3,"Cake, Cupcake, chocolate, lava cake, sweet, dessert"
WDBTR,"Cupcakes, homemade, dessert"
OOB1N,"Vegeterian, Indian, Lunch, Dinner"
EF22Y,"Pizza, Lunch, Dinner, wings, side dish"
OR8G9,"Sushi, Japanese, Asian, Lunch, Dinner, date night"
7X4I2L,"Indian, Food court, lunch, dinner, vegeterian, village market"
LPEZR,"Cocktails, lounge, rooftop, lunch, bar "
DLUX2,"Cake, sweet, homemade, Kiambu"
DVDKV,"Chinese, Thai, asian, lunch, dinner, group "
AU03Y,"Chinese, Thai, Asian, lunch, dinner, foodcourt, two rivers,"
VBPRC,"Chinese, Thai, Asian, lunch, dinner, foodcourt, the hub"
BBG6J,"Chinese, Thai, Asian, lunch, dinner, food court"
DAIMR,"International, cocktails, live band, jazz, cocktails, lunch, dinner, thika road"
ZX201,"Pizza, Limuru, international, lunch, date night"
58HH5,"Group, seafood, lunch, dinner, The Hub Mall, dessert, wine, cockatails, sushi, platter, mediterranean "
I33OY,"Group, seafood, lunch, dinner, The Hub Mall, dessert, wine, cockatails, sushi, platter, mediterranean "
CTVX7,"Group, seafood, lunch, dinner, The Hub Mall, dessert, wine, cockatails, sushi, platter, mediterranean "
0MXLM,"international, Bbq, lunch, dinner, african"
NTU6S,"Cocktail, lunch, dinner, bbq, meat, vegeterin"
7BEGR,"Mexican, burrito, enchilada, quesadilla, cafe, lunch, dinner, taco "
US1JA,"Mexican, burrito, enchilada, quesadilla, cafe, lunch, dinner, taco "
W82DA,"Spanish, Tapas, Lunch, Dinner, The Hub, cocktails"
ME3GW,"Breakfast, bar, bistro, international"
XSJ97,"Ethiopian, international, continental, town, lunch, dinner"
FPNZ9,"Thai, food court, lunch, dinner, village market"
XPWS1,"Cocktail, breakfast, outdoor, cafe, garden, international"
B52P9,"Brunch, hotel, international, breakfast, swim"
VFVZ9,"burger, international, rooftop, lunch, dinner"
ODS0M,"Indian, drinks, dessert, The Hub, "
CABZS,"Indian, drinks, dessert, The Hub"
W6QEI,"Outdoor, lunch, dinner, bbq, international, african, italian, burger, pizza, bar"
I74S1,"Cafe, outdoor, lunch, dinner, vegan, healthy, international, burger"
MRS6V,"International, lunch, dinner, family friendly, burger"
Y7BGY,"International, african, lunch, dinner, family friendly"
V23Q1,"International, lunch, dinner, burger"
EHTQK,"Chicken wings, food court, the hub, lunch, dinner"
GFD2P,"Lunch, wine, steak, international, vegeterian, family friendly"
7U3MU,"Afghan, platter, BBQ, food court, dinner, lunch, the hub"
4FO8E,"Thai, chinese, asian, sushi, japanese, korean, indian, noodle bar, teppanyaki, dinner, lunch, date night, family friendly"
F0XVJ,"cocktails, parklands, limuru road, african, international"
3DI5K,"cake, dessert, delivery, homemade"
C07X7,"meat feast, steak, BBQ, african, lunch, dinner"
XKXVY,"Cake, Cupcake, chocolate, lava cake, sweet, dessert"
DBIUS,"Cupcakes, homemade, dessert"
LVCY5,"Vegeterian, Indian, Lunch, Dinner"
ETU3V,"Sushi, Japanese, Asian, Lunch, Dinner, date night"
QOUH1,"Indian, Food court, lunch, dinner, vegeterian, village market"
D8U49,"Cocktails, lounge, rooftop, lunch, bar "
MIP8W,"Cake, sweet, homemade, Kiambu"
H0R2E,"Chinese, Thai, asian, lunch, dinner, group "
Z5OEJ,"Chinese, Thai, Asian, lunch, dinner, foodcourt, two rivers,"
ZLK92,"Chinese, Thai, Asian, lunch, dinner, foodcourt, the hub"
VF89M,"Chinese, Thai, Asian, lunch, dinner, food court"
PFBJB,"International, cocktails, live band, jazz, cocktails, lunch, dinner, thika road"
KWYEJ,"Pizza, Limuru, international, lunch, date night"
WK30I,"international, Bbq, lunch, dinner, african"
IT4EP,"Cocktail, lunch, dinner, bbq, meat, vegeterin"
P6X4I,"Mexican, burrito, enchilada, quesadilla, cafe, lunch, dinner, taco "
TR7VM,"Mexican, burrito, enchilada, quesadilla, cafe, lunch, dinner, taco "
Z9A1H,"Spanish, Tapas, Lunch, Dinner, The Hub, cocktails"
6B3F6,"Breakfast, bar, bistro, international"
QRXWS,"Ethiopian, international, continental, town, lunch, dinner"
LHYNG,"Thai, food court, lunch, dinner, village market"
AC64O,"Cocktail, breakfast, outdoor, cafe, garden, international"
99PGI,"Brunch, hotel, international, breakfast, swim"
R47I2,"burger, international, rooftop, lunch, dinner"
EA9GN,"Indian, drinks, dessert, The Hub, "
VLBOD,"Indian, drinks, dessert, The Hub"
9L1TX,"Outdoor, lunch, dinner, bbq, international, african, italian, burger, pizza, bar"
XEQF6,"Cafe, outdoor, lunch, dinner, vegan, healthy, international, burger"
E3UJM,"International, lunch, dinner, family friendly, burger"
2914V,"International, african, lunch, dinner, family friendly"
J6GUS,"International, lunch, dinner, burger"
VG89N,"Chicken wings, food court, the hub, lunch, dinner"
11XKK,"cocktails, parklands, limuru road, african, international"
173ZN,"Cake, Cupcake, chocolate, lava cake, sweet, dessert"
173ZN,"Chinese, Thai, asian, lunch, dinner, group "
6YJOT,"Chinese, Thai, Asian, lunch, dinner, foodcourt, two rivers,"
D40NV,"Chinese, Thai, Asian, lunch, dinner, foodcourt, the hub"
HQ7MI,"Chinese, Thai, Asian, lunch, dinner, food court"
TFM7E,"Cocktail, lunch, dinner, bbq, meat, vegeterin"
CRFSH,"Mediterranean, international, seafood, lunch, dinner, wine, coast,"
GAAA3,"Spa, beauty shop, hair, makeup, beauty"
00AT4,"Conference, hotel"
C0P28,"Hotel, resort, beach, holiday"
3EUGE,"coffee tour, coffee farm, wedding"
LL4QX,"Hotel, resort, beach, holiday"
VZKUY,"hotel, resort, beach, lunch, restaurant, holiday"
SE9NA,"hotel, resort, beach, spa, holiday"
RXQ67,"Facial, resort, beach, spa, hotel"
43FFA,"beach, resort, hotel, holiday"
FV12T,"Chinese, Thai, nanyuki, asian, lunch, dinner, group, cedar mall"
91WIL,"International, cocktails, live band, jazz, cocktails, lunch, dinner"
R6CEY,"masai mara, hotel, safari, holiday"
5BDZS,"hotel, holiday"
D9CHT,"lunch, dinner, hotel"
LZ87U,"resort, lunch, dinner, restaurant, hotel"
4QXD1,"pedicure, massage, spa, beach, resort, "
Z3UKP,"Cocktail, Pizza, lunch, dinner, bar"
NFAW0,"beach, resort, hotel, holiday"
MAUO2,"Mediterranean, international, seafood, lunch, dinner, wine, coast,"
TZLY0,"Spa, beauty shop, hair, makeup, beauty"
5EH1M,"Conference, hotel"
52PM9,"Hotel, resort, beach, holiday"
8421I,"coffee tour, coffee farm, wedding"
4BPER,"Hotel, resort, beach, holiday"
8CA11,"hotel, resort, beach, lunch, restaurant, holiday"
PO2CF,"hotel, resort, beach, spa, holiday"
XJBTR,"Facial, resort, beach, spa, hotel"
KR8SZ,"beach, resort, hotel, holiday"
Q093Y,"Chinese, Thai, nanyuki, asian, lunch, dinner, group, cedar mall"
QN3ZE,"International, cocktails, live band, jazz, cocktails, lunch, dinner"
G2K9H,"masai mara, hotel, safari, holiday"
0285B,"hotel, holiday"
LY00Z,"lunch, dinner, hotel"
HPPSO,"resort, lunch, dinner, restaurant, hotel"
2Y6LF,"pedicure, massage, spa, beach, resort, "
W9LAL,"Cocktail, Pizza, lunch, dinner, bar"
UEV44,"beach, resort, hotel, holiday"
3J2EJ,"book, motivational speaker, speaker"
JK1DV,car wash
2OHAF,"hotel, nairobi"
E6GJJ,"hotel, nairobi"
LTQFE,"photo shoot, wedding, photography, "
4DJ59,"safari, dubai, beach, holiday, hotel, masai, "
JLURQ,"lunch, dinner, tour"
7LYID,"book, motivational speaker, speaker"
PHGUI,car wash
91RSD,"hotel, nairobi"
DUZ3U,"hotel, nairobi"
PK6NG,"photo shoot, wedding, photography, "
GMAAT,"safari, dubai, beach, holiday, hotel, masai, "
V1Z2V,"lunch, dinner, tour"
NZJA0,"safari, dubai, beach, holiday, hotel, masai, "
GNO3I,"manicure, pedicure, spa, treatment, beauty"
6FI7T,"beauty product, skin care, body care, oils, butters"
9SL7O,"manicure, pedicure, spa, facial, hair treatment, "
5V1D0,"Manicure, swedish massage, massage, steam bath, spa, beauty"
LA8YU,"Spa, salon, beauty, hair, make up, manicure, pedicure, massage"
2IX9G,"manicure, facial, massage, hair, kids hair, spa, salon, "
UMU7D,"steam and sauna, massage, pedicure, healing, "
HS19U,"Pedicure, manicure, massage, facial, spa, beauty,"
F0I90,"pedicure, manicure, hair treatement, relaxation, beauty, salon"
N1G8U,"manicure, pedicure, spa, treatment, beauty"
B6M8W,"beauty product, skin care, body care, oils, butters"
E09GB,"manicure, pedicure, spa, facial, hair treatment, "
TWRIT,"Manicure, swedish massage, massage, steam bath, spa, beauty"
PI8K1,"Spa, salon, beauty, hair, make up, manicure, pedicure, massage"
3D6FR,"manicure, facial, massage, hair, kids hair, spa, salon, "
7JJA1,"steam and sauna, massage, pedicure, healing, "
SYTC2,"Pedicure, manicure, massage, facial, spa, beauty,"
X5CNU,"pedicure, manicure, hair treatement, relaxation, beauty, salon"